Difficulty,Title,Frequency,Acceptance Rate,Link,Topics
EASY,Two Sum,100.0,0.00580095238786551,https://leetcode.com/problems/two-sum,"Array, Hash Table"
MEDIUM,Balanced Binary Tree,42.0,0.0042,https://leetcode.com/problems/balanced-binary-tree,"Tree, Binary Tree, Depth-First Search"
MEDIUM,Longest Substring Without Repeating Characters,88.5,0.0038,https://leetcode.com/problems/longest-substring-without-repeating-characters,"Array, Hash Table, Sliding Window"
MEDIUM,Number of Islands,64.2,0.0055,https://leetcode.com/problems/number-of-islands,"Array, Depth-First Search, Breadth-First Search, Union Find, Matrix"
HARD,Word Search II,25.0,0.0031,https://leetcode.com/problems/word-search-ii,"Array, String, Backtracking, Trie, Matrix"
EASY,Valid Anagram,18.4,0.0625,https://leetcode.com/problems/valid-anagram,"Hash Table, String, Sorting"
MEDIUM,Course Schedule,55.6,0.0454,https://leetcode.com/problems/course-schedule,"Depth-First Search, Breadth-First Search, Graph, Topological Sort"
EASY,Roman to Integer,9.5,0.0602,https://leetcode.com/problems/roman-to-integer,"Math, String"
MEDIUM,Design Twitter,6.0,0.0389,https://leetcode.com/problems/design-twitter,"Hash Table, Linked List, Design, Heap (Priority Queue)"
MEDIUM,Coin Change,33.3,0.0417,https://leetcode.com/problems/coin-change,"Array, Dynamic Programming, Breadth-First Search"
EASY,Climbing Stairs,15.0,0.5162,https://leetcode.com/problems/climbing-stairs,"Math, Dynamic Programming, Memoization"
HARD,Basic Calculator,12.0,0.0421,https://leetcode.com/problems/basic-calculator,"String, Stack, Recursion"
EASY,Combine Two Tables,51.1,0.00798795665068269,https://leetcode.com/problems/combine-two-tables,"Database"
EASY,Guess Number Higher or Lower,26.0,0.005813554892194176,https://leetcode.com/problems/guess-number-higher-or-lower,"Binary Search, Interactive"
HARD,Trapping Rain Water,70.1,0.006802783224080567,https://leetcode.com/problems/trapping-rain-water,"Array, Two Pointers, Dynamic Programming, Stack, Monotonic Stack"
MEDIUM,Reverse Integer,56.7,0.0032365985796483756,https://leetcode.com/problems/reverse-integer,"Math"
EASY,Create Hello World Function,20.9,0.008191580857174885,https://leetcode.com/problems/create-hello-world-function,""
